{
    "version": 2,
    "settings": {
        "color": {
            "palette": [
                {
                    "slug": "foreground",
                    "color": "#1d3e93",
                    "name": "Foreground"
                },
                {
                    "slug": "background",
                    "color": "#fcfcfc",
                    "name": "Background"
                },
                {
                    "slug": "primary",
                    "color": "#9CC900",
                    "name": "Primary"
                },
                {
                    "slug": "secondary",
                    "color": "#fefefe",
                    "name": "Secondary"
                },
                {
                    "slug": "tertiary",
                    "color": "#1d3e90",
                    "name": "Tertiary"
                }
            ]
        }
    }
}
