{
    "version": 2,
    "settings": {
        "color": {
            "palette": [
                {
                    "slug": "foreground",
                    "color": "#444140",
                    "name": "Foreground"
                },
                {
                    "slug": "background",
                    "color": "#FFFFFF",
                    "name": "Background"
                },
                {
                    "slug": "primary",
                    "color": "#0085BA",
                    "name": "Primary"
                },
                {
                    "slug": "secondary",
                    "color": "#EAEAEA",
                    "name": "Secondary"
                },
                {
                    "slug": "tertiary",
                    "color": "#222222",
                    "name": "Tertiary"
                }
            ]
        }
    }
}
