{
    "version": 2,
    "settings": {
        "color": {
            "palette": [
                {
                    "slug": "foreground",
                    "color": "#3b3b3b",
                    "name": "Foreground"
                },
                {
                    "slug": "background",
                    "color": "#f7f7f7",
                    "name": "Background"
                },
                {
                    "slug": "primary",
                    "color": "#f67206",
                    "name": "Primary"
                },
                {
                    "slug": "secondary",
                    "color": "#f1f1f1",
                    "name": "Secondary"
                },
                {
                    "slug": "tertiary",
                    "color": "#2c2c2c",
                    "name": "Tertiary"
                }
            ]
        }
    }
}
