{
	"version": 2,
	"customTemplates": [
		{
		"name": "post-sidebar-right",
		"title": "Two columns, Right sidebar",
		"postTypes": ["post"]
		},
		{
		"name": "post-sidebar-left",
		"title": "Two columns, left sidebar",
		"postTypes": ["post"]
		}
	],
	"templateParts": [
		{
		"area": "header",
		"name": "header",
		"title": "Header"
		},
		{
		"area": "footer",
		"name": "footer",
		"title": "Footer"
		}
	],
	"settings": {
		"appearanceTools": true,
		"color": {
			"link": true,
			"palette": [
				{
				"slug": "foreground",
				"color": "#023047",
				"name": "Foreground"
				},
				{
				"slug": "background",
				"color": "#ffffff",
				"name": "Background"
				},
				{
				"slug": "primary",
				"color": "#fab522",
				"name": "Primary"
				},
				{
				"slug": "secondary",
				"color": "#eaeaea",
				"name": "Secondary"
				},
				{
				"slug": "tertiary",
				"color": "#244c60",
				"name": "Tertiary"
				}
			]
		},
		"custom": {
			"spacing": {
				"small": "max(1.25rem, 5vw)",
				"medium": "clamp(2rem, 8vw, calc(4 * var(--wp--style--block-gap)))",
				"large": "clamp(4rem, 10vw, 8rem)",
				"outer": "var(--wp--custom--spacing--small, 1.25rem)"
			},
			"typography": {
				"line-height": {
					"tiny": 1.15,
					"small": 1.2,
					"medium": 1.4,
					"normal": 1.6
				}
			}
		},
		"layout": {
			"contentSize": "min( calc(100vw - 2rem), 80rem)",
			"wideSize": "min( calc(100vw - 2rem), 90rem)",
			"outerPadding": "0.5rem"
		},
		"spacing": {
			"blockGap": true,
			"customPadding": true,
			"customMargin": true,
			"units": [ "%", "px", "em", "rem", "vh", "vw" ]
		},
		"typography": {
			"customFontSize": true,
			"customLineHeight": true,
			"fontFamilies": [
				{
				"fontFamily": "-apple-system,BlinkMacSystemFont,\"Segoe UI\",Roboto,Oxygen-Sans,Ubuntu,Cantarell,\"Helvetica Neue\",sans-serif",
				"name": "System Font",
				"slug": "system-font"
				},
				{
				"fontFamily": "Poppins,sans-serif",
				"name": "Poppins",
				"slug": "poppins",
				"google": "family=Poppins:ital,wght@0,100;0,200;0,300;0,400;0,500;0,600;0,700;0,800;0,900;1,100;1,200;1,300;1,400;1,500;1,600;1,700;1,800;1,900"
				},
				{
				"fontFamily": "Lato,sans-serif",
				"name": "Lato",
				"slug": "lato",
				"google": "family=Lato:ital,wght@0,100;0,300;0,400;0,700;0,900;1,100;1,300;1,400;1,700;1,900"
				}
			],
			"fontSizes": [
				{
					"slug": "tiny",
					"size": "0.8rem",
					"name": "tiny"
				},
				{
					"slug": "small",
					"size": "1rem",
					"name": "Small"
				},
				{
					"slug": "normal",
					"size": "clamp(1rem, 2.5vw, 1.125rem)",
					"name": "Normal"
				},
				{
					"slug": "medium",
					"size": "clamp(1.125rem, 2.5vw, 1.375rem)",
					"name": "Medium"
				},
				{
					"slug": "medium-large",
					"size": "clamp(1.375rem, 4vw, 1.688rem)",
					"name": "Medium Large"
				},
				{
					"slug": "large",
					"size": "clamp(1.688rem, 4vw, 2.078rem)",
					"name": "Large"
				},
				{
					"slug": "extra-large",
					"size": "clamp(2.078rem, 6vw, 2.566rem)",
					"name": "Extra Large"
				},
				{
					"slug": "huge",
					"size": "clamp(2.566rem,  6vw, 3.177rem)",
					"name": "Huge"
				},
				{
					"slug": "gigantic",
					"size": "clamp(3.177rem,  6vw, 3.94rem)",
					"name": "Gigantic"
				},
				{
					"slug": "colossal",
					"size": "clamp(3.94rem,  6vw, 4.893rem)",
					"name": "Colossal"
				}
			]
		},
		"border": {
			"customColor": true,
			"customRadius": true,
			"customStyle": true,
			"customWidth": true
		}
	},
	"styles": {
		"color": {
			"background": "var(--wp--preset--color--background)",
			"text": "var(--wp--preset--color--foreground)",
			"link": "var(--wp--preset--color--foreground)"
		},
		"elements": {
			"h1": {
				"typography": {
					"fontFamily": "var(--wp--preset--font-family--system-font)",
					"fontWeight": "300",
					"lineHeight": "var(--wp--custom--typography--line-height--normal)",
					"fontSize": "var(--wp--preset--font-size--huge)"
				}
			},
			"h2": {
				"typography": {
					"fontFamily": "var(--wp--preset--font-family--system-font)",
					"fontWeight": "300",
					"lineHeight": "var(--wp--custom--typography--line-height--small)",
					"fontSize": "var(--wp--preset--font-size--huge)"
				}
			},
			"h3": {
				"typography": {
					"fontFamily": "var(--wp--preset--font-family--system-font)",
					"fontWeight": "300",
					"lineHeight": "var(--wp--custom--typography--line-height--tiny)",
					"fontSize": "var(--wp--preset--font-size--large)"
				}
			},
			"h4": {
				"typography": {
					"fontFamily": "var(--wp--preset--font-family--system-font)",
					"fontWeight": "300",
					"lineHeight": "var(--wp--custom--typography--line-height--tiny)",
					"fontSize": "var(--wp--preset--font-size--medium)"
				}
			},
			"h5": {
				"typography": {
					"fontFamily": "var(--wp--preset--font-family--system-font)",
					"fontWeight": "700",
					"textTransform": "uppercase",
					"lineHeight": "var(--wp--custom--typography--line-height--normal)",
					"fontSize": "var(--wp--preset--font-size--normal)"
				}
			},
			"h6": {
				"typography": {
					"fontFamily": "var(--wp--preset--font-family--system-font)",
					"fontWeight": "400",
					"textTransform": "uppercase",
					"lineHeight": "var(--wp--custom--typography--line-height--normal)",
					"fontSize": "var(--wp--preset--font-size--small)"
				}
			},
			"link": {
				"color": {
					"text": "var(--wp--preset--color--foreground)"
				},
				"typography": {
					"textDecoration": "none"
				}
			}
		},
		"blocks": {
			"core/site-title": {
				"typography": {
					"fontFamily": "var(--wp--preset--font-family--system-font)",
					"lineHeight": "var(--wp--custom--typography--line-height--normal)",
					"fontSize": "var(--wp--preset--font-size--large)"
				}
			},
			"core/button": {
				"color": {
					"background": "var(--wp--preset--color--foreground)",
					"text": "var(--wp--preset--color--secondary)"
				},
				"typography": {
					"fontSize": "var(--wp--preset--font-size--small)"
				},
				"border": {
					"radius": "0"
				}
			},
			"core/separator": {
				"border": {
					"color": "currentColor",
					"width": "0 0 1px 0",
					"margin": "0px"
				}
			}
		},
		"spacing": {
			"blockGap": "1.5rem"
		},
		"typography": {
			"fontFamily": "var(--wp--preset--font-family--system-font)",
			"lineHeight": "var(--wp--custom--typography--line-height--medium)",
			"fontSize": "var(--wp--preset--font-size--small)",
			"fontWeight": "300"
		}
	}
}